{
  "formatVersion": 1,
  "database": {
    "version": 1,
    "identityHash": "58c4b2bd530170b56b7bc3b006fa4355",
    "entities": [
      {
        "tableName": "cache",
        "createSql": "CREATE TABLE IF NOT EXISTS `${TABLE_NAME}` (`key` TEXT NOT NULL, `data` BLOB, PRIMARY KEY(`key`))",
        "fields": [
          {
            "fieldPath": "key",
            "columnName": "key",
            "affinity": "TEXT",
            "notNull": true
          },
          {
            "fieldPath": "data",
            "columnName": "data",
            "affinity": "BLOB",
            "notNull": false
          }
        ],
        "primaryKey": {
          "columnNames": [
            "key"
          ],
          "autoGenerate": false
        },
        "indices": [],
        "foreignKeys": []
      }
    ],
    "setupQueries": [
      "CREATE TABLE IF NOT EXISTS room_master_table (id INTEGER PRIMARY KEY,identity_hash TEXT)",
      "INSERT OR REPLACE INTO room_master_table (id,identity_hash) VALUES(42, \"58c4b2bd530170b56b7bc3b006fa4355\")"
    ]
  }
}