{"main/tabs/sofa":{"isFragment":true,"asStarter":false,"needLogin":false,"pageUrl":"main/tabs/sofa","className":"com.mooc.ppjoke.ui.sofa.SofaFragment","id":147242568},"main/tabs/home":{"isFragment":true,"asStarter":true,"needLogin":false,"pageUrl":"main/tabs/home","className":"com.mooc.ppjoke.ui.home.HomeFragment","id":946010952},"main/tabs/publish":{"isFragment":false,"asStarter":false,"needLogin":true,"pageUrl":"main/tabs/publish","className":"com.mooc.ppjoke.ui.publish.PublishActivity","id":1509210903},"main/tabs/find":{"isFragment":true,"asStarter":false,"needLogin":false,"pageUrl":"main/tabs/find","className":"com.mooc.ppjoke.ui.find.FindFragment","id":1729678456},"main/tabs/my":{"isFragment":true,"asStarter":false,"needLogin":true,"pageUrl":"main/tabs/my","className":"com.mooc.ppjoke.ui.my.MyFragment","id":1407657752}}